{
    "inception_mean": 1.3209433555603027,
    "inception_std": 0.004050868097692728,
    "fid": 15.030498504638672,
    "loss": 0.03917747363448143
}