{
    "inception_mean": 1.5271536111831665,
    "inception_std": 0.02671886421740055,
    "fid": 19.33394432067871,
    "loss": 0.05925651639699936
}