{
    "inception_mean": 2.0309412479400635,
    "inception_std": 0.47555428743362427,
    "fid": 6.11538028717041,
    "loss": 0.29122862219810486
}